name1,name2,D.ij.bMNTD,G.ij.bMNTD,Ds.ij.bMNTD,Gs.ij.bMNTD,C.ij.bMNTD,E.ij.bMNTD,ST.ij.bMNTD,MST.ij.bMNTD,bNTI.wt,RC.bMNTD.wt
K2,K1,0.000816246932508812,0.00151178687689779,0.000580615675579642,0.00107536962640037,0.99941938432442,0.9989246303736,0.999504958620394,0.53965467551575,-0.631528359670285,-0.737737737737738
K3,K1,0.000720285422773541,0.00137758959214284,0.000512355992650928,0.000979911935785267,0.999487644007349,0.999020088064215,0.999532204378976,0.522614631028827,-0.579351634804046,-0.787787787787788
K4,K1,0.00157289739774448,0.00605687004198226,0.00111883897977039,0.00430839437339712,0.99888116102023,0.995691605626603,0.996806872010311,0.25885893607942,-0.654822127116089,-1
K5,K1,0.00128054051351693,0.00241644069628714,0.000910878639479246,0.00171887120366942,0.999089121360521,0.998281128796331,0.99919127078164,0.529499815556954,-0.698996635626863,-0.85985985985986
K6,K1,0.00188667559962307,0.00501459080248131,0.0013420368080378,0.00356699659205973,0.998657963191962,0.99643300340794,0.997772050225374,0.375398961808531,-0.832284074088587,-0.995995995995996
s1_xgl_root_1,K1,0.0363213969362155,0.0326750196930558,0.0258362654488621,0.0232425113995229,0.974163734551138,0.976757488600477,0.899608012060684,0.897219126435201,0.109448753225031,0.605605605605606
s1_xgl_root_2,K1,0.0317124921876167,0.0242785640936473,0.0225578429057415,0.0172699146935961,0.977442157094259,0.982730085306404,0.765583605035235,0.761464110573478,0.354426187151762,0.791791791791792
s1_xgl_root_3,K1,0.0361788780493607,0.0287585289756173,0.025734888406599,0.0204566192714905,0.974265111593401,0.979543380728509,0.794898308797211,0.790614999562092,0.352095009414694,0.757757757757758
s1_xgl_soil_1,K1,0.045527185769258,0.0476355335285253,0.0323845599534578,0.0338842773917105,0.967615440046542,0.966115722608289,0.998450089388631,0.954258708443099,-0.0506107409453797,0.447447447447447
s1_xgl_soil_2,K1,0.0458413940412219,0.0459381568286026,0.0326080637007101,0.0326768933513079,0.96739193629929,0.967323106648692,0.999928850295299,0.997822629466763,-0.00243453829881236,0.503503503503503
s1_xgl_soil_3,K1,0.0481068209268025,0.0529388608715964,0.0342195152226226,0.037656659088329,0.965780484777377,0.962343340911671,0.996441071320158,0.905490057641743,-0.111218621804294,0.345345345345345
s2_xgl_root_1,K1,0.0326568686185107,0.0193989022135302,0.0232296001125217,0.0137988962232218,0.976770399887478,0.986201103776778,0.59402211645407,0.588341686101153,1.01768128243871,0.857857857857858
s2_xgl_root_2,K1,0.0335725212060698,0.0191709514830713,0.0238809253727439,0.0136367494976501,0.976119074627256,0.98636325050235,0.571031033546722,0.565100416875014,1.03118413317421,0.87987987987988
s2_xgl_root_3,K1,0.0338845579488859,0.0234981820977835,0.0241028844601478,0.016714810592505,0.975897115539852,0.983285189407495,0.693477605144796,0.688267047894917,0.376503374458831,0.813813813813814
s2_xgl_soil_1,K1,0.0416396581040568,0.0357796377097595,0.0296192699269118,0.0254508993461027,0.970380730073088,0.974549100653897,0.859268287466405,0.855592999430026,0.180960815494585,0.633633633633634
s2_xgl_soil_2,K1,0.0364100436457708,0.0270806529479768,0.0258993219420708,0.0192631065187588,0.974100678057929,0.980736893481241,0.743768758187753,0.73873600196407,0.553600652403513,0.767767767767768
s2_xgl_soil_3,K1,0.0465388789831047,0.0367244788420269,0.0331042011740764,0.0261229871059191,0.966895798825923,0.973877012894081,0.789113954707832,0.783457210202061,0.317266530990738,0.741741741741742
SK1,K1,0.00832750169865583,0.0158578382862555,0.00592354817162326,0.0112800540168738,0.994076451828377,0.988719945983126,0.994611575563028,0.522305085692713,-0.935436880608555,-0.96996996996997
SK2,K1,0.00836202158798339,0.0158843965149592,0.0059481029822628,0.0112989455107182,0.994051897017737,0.988701054489282,0.994617139663927,0.52359622134939,-0.958612716906564,-0.971971971971972
SK3,K1,0.0130785209288029,0.0225776564159735,0.00930306009398375,0.0160600189855218,0.990696939906016,0.983939981014478,0.993179590428351,0.575317465203663,-0.719973645914926,-0.85985985985986
SK4,K1,0.00809218165400324,0.0175296058471168,0.0057561594792291,0.0124692216732572,0.994243840520771,0.987530778326743,0.993248072635268,0.458512524545734,-1.02659111786657,-1
SK5,K1,0.00904283265929259,0.016112856107466,0.0064323799386188,0.0114614542018544,0.993567620061381,0.988538545798146,0.994938367392725,0.558377801094702,-0.921815836393432,-0.931931931931932
SK6,K1,0.0106297099846144,0.020526669564436,0.00756116317027127,0.0146011037124803,0.992438836829729,0.98539889628752,0.992906423770459,0.514175341177934,-0.800007811363518,-0.95995995995996
K3,K2,0.000773191715414292,0.00140801789867534,0.000549989485189281,0.00100155630717642,0.999450010514811,0.998998443692824,0.99954818468434,0.548886755120382,-0.507796372969224,-0.651651651651652
K4,K2,0.000858119582209582,0.00440695128723586,0.000610400677919066,0.00313476828760688,0.999389599322081,0.996865231712393,0.997474090573486,0.194227708472057,-0.80944678326609,-1
K5,K2,0.000649472248718771,0.00147433440601242,0.000461984913439178,0.001048728801401,0.999538015086561,0.998951271198599,0.999412984919927,0.440260361602941,-0.709685600819081,-0.975975975975976
K6,K2,0.000950202118863776,0.00356391140567576,0.000675901155898485,0.00253509415606911,0.999324098844101,0.997464905843931,0.998139549519199,0.266121742915504,-0.892779687864351,-1
s1_xgl_root_1,K2,0.0134969248693863,0.0353072394578247,0.00960068067539327,0.0251148713388099,0.990399319324607,0.97488512866119,0.984335418693546,0.376282637679803,-0.626299087361058,-0.98998998998999
s1_xgl_root_2,K2,0.0104209701129782,0.02917219756709,0.00741268158122822,0.0207508714875028,0.992587318418772,0.979249128512497,0.986562199960883,0.352422376707904,-0.685392681124219,-1
s1_xgl_root_3,K2,0.0139332880280971,0.0339013222213526,0.00991107607181356,0.0241148092821547,0.990088923928186,0.975885190717845,0.985654083318105,0.405099309970016,-0.729277451610133,-0.995995995995996
s1_xgl_soil_1,K2,0.0226290351277642,0.0480384551078244,0.0160965658738085,0.0341708850047417,0.983903434126191,0.965829114995258,0.981629986740533,0.462407448419384,-0.583648080928136,-0.943943943943944
s1_xgl_soil_2,K2,0.0230980870052488,0.0470115997105329,0.0164302135261073,0.0334404585657859,0.983569786473893,0.966559541434214,0.982705604346937,0.482830188496341,-0.554961254240759,-0.8998998998999
s1_xgl_soil_3,K2,0.0251949967493419,0.0531593921307428,0.0179217948346631,0.0378135281691378,0.982078205165337,0.962186471830862,0.979745265468827,0.464352164109769,-0.621833795978013,-0.961961961961962
s2_xgl_root_1,K2,0.0103777635588112,0.0229067716715546,0.00738194774121236,0.0162941264214609,0.992618052258788,0.983705873578539,0.991021542818037,0.448975848736693,-0.524620589125988,-0.953953953953954
s2_xgl_root_2,K2,0.0108613944731254,0.0217768841721216,0.00772596580592063,0.0154904108205999,0.992274034194079,0.9845095891794,0.992175100076074,0.494855235632591,-0.463350564305462,-0.875875875875876
s2_xgl_root_3,K2,0.0111889980142068,0.0228511592596996,0.00795899792371694,0.0162545680025636,0.992041002076283,0.983745431997436,0.991637875791944,0.485552356313768,-0.443948046470755,-0.863863863863864
s2_xgl_soil_1,K2,0.0199593074243207,0.0384825309382187,0.0141975256539768,0.0273735309853273,0.985802474346023,0.972626469014673,0.986634233861006,0.51172663306907,-0.506954589079191,-0.873873873873874
s2_xgl_soil_2,K2,0.0155340685508015,0.0319327514993537,0.0110497489753528,0.0227145185439505,0.988950251024647,0.97728548145605,0.988204897509747,0.480724081057184,-0.541809548187974,-0.935935935935936
s2_xgl_soil_3,K2,0.0263782786892697,0.0354173852753315,0.0187634911591329,0.0251932206540685,0.981236508840867,0.974806779345932,0.993447319339421,0.739903017936659,-0.278961980395898,-0.127127127127127
SK1,K2,0.00751648016676111,0.0151570836981521,0.0053466494466218,0.0107815907671111,0.994653350553378,0.989218409232889,0.994535843751529,0.493195729044023,-0.949033815695866,-0.987987987987988
SK2,K2,0.00785135193613621,0.014443123448897,0.00558485162645807,0.0102737340194182,0.994415148373542,0.989726265980582,0.995284783824312,0.541041634251396,-0.870780916691272,-0.953953953953954
SK3,K2,0.013059362002114,0.0214501834015062,0.00928943189800554,0.0152580208647073,0.990710568101994,0.984741979135293,0.993975446352474,0.605154973836649,-0.533978598510237,-0.685685685685686
SK4,K2,0.00867409599239019,0.0166400236339872,0.00617008885924349,0.0118364408846393,0.993829911140757,0.988163559115361,0.994298469021835,0.518306978108264,-0.931885911120301,-0.973973973973974
SK5,K2,0.00946944782753473,0.0163411844729836,0.0067358413597357,0.0116238695481413,0.993264158640264,0.988376130451859,0.995078823547708,0.576631823687454,-0.830551359642554,-0.897897897897898
SK6,K2,0.0106579968400335,0.0190872233345369,0.00758128427702844,0.0135771916927871,0.992418715722972,0.986422808307213,0.993958288653,0.555010234538435,-0.720701132871529,-0.897897897897898
K4,K3,0.00130761816839089,0.00526551502274813,0.000930139613397313,0.00374548490223533,0.999069860386603,0.996254515097765,0.997182033608992,0.247636430378952,-0.584822762466525,-1
K5,K3,0.00123958250793702,0.00143225540564546,0.00088174424505392,0.00101879701697067,0.999118255754946,0.998981202983029,0.999862826275941,0.865357159695672,-0.18984907402449,0.253253253253253
K6,K3,0.00156702117051632,0.00399084800355093,0.00111465908088679,0.00283878421765753,0.998885340919113,0.997161215782343,0.998273950906934,0.391975944374293,-0.668946314361255,-0.991991991991992
s1_xgl_root_1,K3,0.0501631444524055,0.0386825841350661,0.0356822265976701,0.0275158335379169,0.96431777340233,0.972484166462083,0.77113555295099,0.764659976026527,0.286905292857082,0.775775775775776
s1_xgl_root_2,K3,0.0452217366219247,0.0290051269276149,0.0321672867779383,0.0206320302051102,0.967832713222062,0.97936796979489,0.641397900529818,0.633843345371725,0.661782388201818,0.857857857857858
s1_xgl_root_3,K3,0.0495676532793527,0.0335334878189561,0.0352586396952593,0.0238531600047817,0.964741360304741,0.976146839995218,0.676519576788688,0.668614997296005,0.650519674073997,0.80980980980981
s1_xgl_soil_1,K3,0.0574707775281253,0.0518308297830187,0.0408803181875596,0.0368684904674921,0.95911968181244,0.963131509532508,0.901864077924707,0.8981074535471,0.11681155264242,0.677677677677678
s1_xgl_soil_2,K3,0.0576402414889776,0.0498189517032912,0.0410008618958395,0.0354373941853236,0.95899913810416,0.964562605814676,0.864308518083117,0.859323302501161,0.16073358414153,0.70970970970971
s1_xgl_soil_3,K3,0.0601621347170653,0.0570431426743981,0.042794743970061,0.0405761314401313,0.957205256029939,0.959423868559869,0.948156892082779,0.94596433378811,0.0623739180733584,0.605605605605606
s2_xgl_root_1,K3,0.0458227381460578,0.0223175269663424,0.032594793322908,0.015874982778805,0.967405206677092,0.984125017221195,0.48704044911516,0.47876586621764,1.45609645809773,0.903903903903904
s2_xgl_root_2,K3,0.0463160440063449,0.0206169381912744,0.0329456934046488,0.0146653139136683,0.967054306595351,0.985334686086332,0.445135991935108,0.436877625541869,1.6670731887984,0.92992992992993
s2_xgl_root_3,K3,0.0471783643007245,0.0268804723056146,0.033559082148112,0.0191207133111717,0.966440917851888,0.980879286688828,0.569762701696757,0.561375895951883,0.61126667101828,0.885885885885886
s2_xgl_soil_1,K3,0.0540823774414606,0.0389282011042773,0.0384700693681171,0.0276905466753667,0.961529930631883,0.972309453324633,0.719794560555583,0.711814547841424,0.388487370650647,0.765765765765766
s2_xgl_soil_2,K3,0.0485865433299861,0.0300835916751177,0.034560753071271,0.0213991675908956,0.965439246928729,0.978600832409104,0.619175385060806,0.610847853049863,0.809043297333871,0.845845845845846
s2_xgl_soil_3,K3,0.0572944966863004,0.0384210505151896,0.040754925471224,0.0273297985118193,0.959245074528776,0.972670201488181,0.670588847748382,0.661333151002652,0.493712922636778,0.827827827827828
SK1,K3,0.00606316729714382,0.0144649760428692,0.00431287375937005,0.0102892782844034,0.99568712624063,0.989710721715597,0.993997708348808,0.416645999332119,-0.996867478630155,-1
SK2,K3,0.0064835290391952,0.0137981529563478,0.00461188697109365,0.00981495131121321,0.995388113028906,0.990185048688787,0.99477282853591,0.467427672502193,-0.987776589689444,-0.995995995995996
SK3,K3,0.00994227526299508,0.020001935604527,0.00707217465538264,0.0142278480829667,0.992927825344617,0.985772151917033,0.992793359955342,0.49348348375423,-0.75090331426708,-0.963963963963964
SK4,K3,0.00647585244540889,0.015196387057717,0.00460642642905683,0.010809548172839,0.995393573570943,0.989190451827161,0.993768171798087,0.423488558238593,-1.04025449449207,-0.997997997997998
SK5,K3,0.00717043665388905,0.0154851391986689,0.00510050054240648,0.0110149443743029,0.994899499457594,0.988985055625697,0.994055234890438,0.460300033522552,-0.991166480505491,-0.995995995995996
SK6,K3,0.00660996110910845,0.0168515946490456,0.00470182108142713,0.0119869363327062,0.995298178918573,0.988013063667294,0.992680469626505,0.389374384718798,-0.944418582887593,-1
K5,K4,0.000848919797116036,0.00334257152267055,0.000603856654015835,0.0023776498820566,0.999396143345984,0.997622350117943,0.998225135007924,0.253521300393899,-0.808869716519658,-1
K6,K4,0.000766058218230929,0.00262449582723236,0.000544915260562631,0.0018668657205251,0.999455084739437,0.998133134279475,0.998677328796314,0.29150169230488,-0.760872857138599,-1
s1_xgl_root_1,K4,0.0174680025537805,0.0400225667232085,0.0124254017992045,0.0284689947256569,0.987574598200795,0.971531005274343,0.98375455084033,0.42936344201051,-0.443118204070921,-0.92992992992993
s1_xgl_root_2,K4,0.0136973217354138,0.0297331047335804,0.00974322768796824,0.0211498579711743,0.990256772312032,0.978850142028826,0.988481138829706,0.455369336948093,-0.551472450300804,-0.957957957957958
s1_xgl_root_3,K4,0.0170838875615653,0.030957912319845,0.0121521717546887,0.0220210924663145,0.987847828245311,0.977978907533686,0.990009675144849,0.546329280873198,-0.652811852832719,-0.891891891891892
s1_xgl_soil_1,K4,0.0518823872857297,0.0520191619395318,0.0369051645339731,0.0370024555679197,0.963094835466027,0.96299754443208,0.99989898083723,0.997269933543079,-0.00253517562383611,0.511511511511512
s1_xgl_soil_2,K4,0.0455919762161285,0.0491169581435164,0.0324306469249153,0.0349380496258182,0.967569353075085,0.965061950374182,0.99740855506333,0.925827429853027,-0.0649171085519293,0.409409409409409
s1_xgl_soil_3,K4,0.0678425772449775,0.0566279749242315,0.048258023707466,0.0402808128372166,0.951741976292534,0.959719187162783,0.834696693784931,0.827758673134633,0.204307729213437,0.703703703703704
s2_xgl_root_1,K4,0.0153679988823862,0.0213161464091026,0.01093161970726,0.0151626771938185,0.98906838029274,0.984837322806182,0.995722179001106,0.717871656554284,-0.381630133547359,-0.345345345345345
s2_xgl_root_2,K4,0.0145808119628237,0.0213320974589669,0.0103716751036038,0.0151740235514271,0.989628324896396,0.984825976448573,0.995147321143697,0.680198278336886,-0.375422858472869,-0.401401401401401
s2_xgl_root_3,K4,0.0185510127662105,0.0417071385161044,0.0131957724812933,0.029667270333981,0.986804227518707,0.970332729666019,0.983308241499831,0.437367903677684,-0.352950981084656,-0.781781781781782
s2_xgl_soil_1,K4,0.0247857673274182,0.0333856557155511,0.0176307003045471,0.0237480035463959,0.982369299695453,0.976251996453604,0.993772908779066,0.73778464329566,-0.185996142200794,-0.077077077077077
s2_xgl_soil_2,K4,0.0192178286127578,0.0246177085518701,0.0136700943045194,0.0175111561376832,0.986329905695481,0.982488843862317,0.996105702756264,0.777610500807813,-0.340304087688074,-0.207207207207207
s2_xgl_soil_3,K4,0.0383163140974968,0.0376677045362634,0.0272552970301051,0.0267939257666011,0.972744702969895,0.973206074233399,0.983072234986305,0.982606186436897,0.0161444124135047,0.497497497497497
SK1,K4,0.0137362939800998,0.0235174802922317,0.00977094956388101,0.0167285378529218,0.990229050436119,0.983271462147078,0.992973758661214,0.57998473025193,-0.620550922731424,-0.875875875875876
SK2,K4,0.00841376357881309,0.0134832475634955,0.00598490827948956,0.00959095168544722,0.994015091720511,0.990409048314553,0.996372244811982,0.621752323752923,-0.671381956304237,-0.793793793793794
SK3,K4,0.00977118152496051,0.0173730042661353,0.00695047164819209,0.012357827278844,0.993049528351808,0.987642172721156,0.994554797644759,0.55937219121337,-0.693911172986582,-0.87987987987988
SK4,K4,0.0114561657749418,0.0276397120184052,0.00814904064695934,0.0196607784081563,0.991850959353041,0.980339221591844,0.988393681880687,0.409671485107736,-0.329071388027746,-0.927927927927928
SK5,K4,0.0115362538101223,0.0249722847360334,0.00820600915342496,0.0177633745320356,0.991793990846575,0.982236625467964,0.990363557889222,0.457510615823634,-0.569561251943861,-0.97997997997998
SK6,K4,0.00970601908597528,0.0179577072260062,0.00690412006997845,0.0127737402710257,0.993095879930022,0.987226259728974,0.994089573504765,0.537298679178441,-0.65352702998494,-0.90990990990991
K6,K5,0.000775811783665784,0.00302234015056665,0.000551853201470859,0.00214986176175772,0.999448146798529,0.997850138238242,0.998401109086644,0.256281989010795,-0.932234641132092,-1
s1_xgl_root_1,K5,0.018297312508577,0.0368808228946927,0.0130153095103296,0.0262341983143734,0.98698469048967,0.973765801685627,0.986606794480788,0.489475326872335,-0.447702048974781,-0.851851851851852
s1_xgl_root_2,K5,0.0146546820488607,0.0280262499973031,0.0104242206363357,0.0199357319801902,0.989575779363664,0.98006426801981,0.990388294113291,0.517865413908049,-0.491541402347699,-0.861861861861862
s1_xgl_root_3,K5,0.0188860978612809,0.0321039659479781,0.0134341264047231,0.0228363074154277,0.986565873595277,0.977163692584572,0.990469788929105,0.582672850845565,-0.475734329401958,-0.76976976976977
s1_xgl_soil_1,K5,0.0299855929586435,0.0501132373767225,0.0213294587948126,0.0356467265188216,0.978670541205187,0.964353273481178,0.985370697163953,0.589603190398901,-0.426311765418883,-0.67967967967968
s1_xgl_soil_2,K5,0.0298432082577708,0.0509725515431083,0.0212281772022004,0.0362579769326122,0.9787718227978,0.963742023067388,0.984644225160212,0.576485613956685,-0.412631205196722,-0.673673673673674
s1_xgl_soil_3,K5,0.0329763835161495,0.0576297580333844,0.0234568785876519,0.0409934047668639,0.976543121412348,0.959006595233136,0.982042240844573,0.561935407474549,-0.479586189831122,-0.77977977977978
s2_xgl_root_1,K5,0.0148503775462187,0.0197932554628862,0.010563423454602,0.0140794089812767,0.989436576545398,0.985920591018723,0.996446477106243,0.747608518334637,-0.305612282338988,-0.149149149149149
s2_xgl_root_2,K5,0.0164287733893062,0.0190372781628114,0.0116861736080998,0.013541664515326,0.9883138263919,0.986458335484674,0.99812256910945,0.861358927595227,-0.164257925497353,0.135135135135135
s2_xgl_root_3,K5,0.0163400223696017,0.0232639374078844,0.0116230429166242,0.0165481868252846,0.988376957083376,0.983451813174715,0.995016937744892,0.698875634671108,-0.214624663491901,-0.0950950950950951
s2_xgl_soil_1,K5,0.0252188242009906,0.0378650389397038,0.0179387438624455,0.0269342943773797,0.982061256137555,0.97306570562262,0.990840132976721,0.65991806226891,-0.323819287555495,-0.409409409409409
s2_xgl_soil_2,K5,0.0198303346456621,0.0298865691693286,0.0141057842776483,0.0212590208402652,0.985894215722352,0.978740979159735,0.99274441775949,0.658705718620493,-0.412200177174257,-0.517517517517518
s2_xgl_soil_3,K5,0.0333109407925602,0.0419276086813696,0.0236948570612325,0.0298240959572727,0.976305142938767,0.970175904042727,0.993722004907615,0.789499232386474,-0.205463099275641,0.0530530530530531
SK1,K5,0.0103000422352945,0.0172870392307882,0.0073266627325179,0.0122966783236855,0.992673337267482,0.987703321676314,0.994993302021339,0.592841428646869,-0.754582461372467,-0.83983983983984
SK2,K5,0.00967156402436704,0.0149029008791227,0.00687961137282314,0.0106007845388563,0.993120388627177,0.989399215461144,0.996253049269105,0.646540242643299,-0.633164740196056,-0.66966966966967
SK3,K5,0.0134362847908637,0.0205169221477283,0.00955754595873297,0.0145941701453066,0.990442454041267,0.985405829854693,0.994914773527707,0.651557682166087,-0.476545412863352,-0.577577577577578
SK4,K5,0.00955331306364371,0.0167643758815111,0.00679549667822051,0.0119248955683023,0.993204503321779,0.988075104431698,0.994835505806784,0.56691493324736,-0.832155394313539,-0.903903903903904
SK5,K5,0.0113379284240728,0.0178756970795495,0.0080649356333668,0.0127154045215203,0.991935064366633,0.98728459547848,0.995311720438955,0.631291355842447,-0.720580394515637,-0.743743743743744
SK6,K5,0.0124088256131838,0.0190311123543539,0.00882669003656055,0.0135372786304908,0.991173309963439,0.986462721369509,0.995247462228272,0.648929603840469,-0.521693447796818,-0.56956956956957
s1_xgl_root_1,K6,0.0223918952474337,0.0527392382933831,0.0159278826894175,0.0375146628449201,0.984072117310583,0.96248533715508,0.978063822990435,0.415263916931733,-0.336600978738687,-0.845845845845846
s1_xgl_root_2,K6,0.0142439764752437,0.0347725584871566,0.0101320760847391,0.0247345401661709,0.989867923915261,0.975265459833829,0.985248068223411,0.40358981094926,-0.698682113158411,-0.993993993993994
s1_xgl_root_3,K6,0.0195413004025379,0.0346366450098893,0.0139001874102624,0.0246378617073847,0.986099812589738,0.975362138292615,0.989110966090823,0.55803656833122,-0.715985806006425,-0.901901901901902
s1_xgl_soil_1,K6,0.0548930066421988,0.06439314369812,0.0390466890187228,0.0458043603497123,0.960953310981277,0.954195639650288,0.992967742289072,0.846471871733675,-0.10282542736622,0.285285285285285
s1_xgl_soil_2,K6,0.0511360991177323,0.0649467798052708,0.0363743121759654,0.0461981747575541,0.963625687824035,0.953801825242446,0.989805312679271,0.779327054061539,-0.138917411242618,0.163163163163163
s1_xgl_soil_3,K6,0.072238734015259,0.0723644101176026,0.0513851136008219,0.0514745099736108,0.948614886399178,0.948525490026389,0.999905761153371,0.998169213331474,-0.00134011024853988,0.491491491491492
s2_xgl_root_1,K6,0.0170737475272663,0.0248998296949209,0.0121449589093714,0.0177118355540999,0.987855041090629,0.9822881644459,0.994364682657708,0.681833239413322,-0.428993449605569,-0.461461461461461
s2_xgl_root_2,K6,0.0156285625021639,0.0225126787877558,0.0111169647494321,0.0160137988675617,0.988883035250568,0.983986201132438,0.995048115961572,0.690773933194652,-0.387470221576681,-0.409409409409409
s2_xgl_root_3,K6,0.0221418348751881,0.0530939140656093,0.0157500088546935,0.0377669520786081,0.984249991145307,0.962233047921392,0.977630740744742,0.407702818890482,-0.329337657388372,-0.777777777777778
s2_xgl_soil_1,K6,0.0326360992672475,0.056245471285407,0.0232148263835988,0.0400087289863345,0.976785173616401,0.959991271013665,0.982806964052742,0.570267879463735,-0.254686417900992,-0.425425425425425
s2_xgl_soil_2,K6,0.0225897634306164,0.0319469678021597,0.016068630990304,0.0227246309351022,0.983931369009696,0.977275369064898,0.99323530059673,0.702318624113695,-0.400817238930803,-0.369369369369369
s2_xgl_soil_3,K6,0.0455286390293531,0.0519675023705994,0.0323855936916052,0.0369657088993305,0.967614406308395,0.96303429110067,0.995266590515948,0.871951340174691,-0.0872856146361801,0.319319319319319
SK1,K6,0.0164821570707064,0.0275333321324768,0.011724146678511,0.0195851078887627,0.988275853321489,0.980414892111237,0.992045782375607,0.593863987394385,-0.677213397722821,-0.885885885885886
SK2,K6,0.0100266700767274,0.0172180211403262,0.00713220667490893,0.0122475841297292,0.992867793325091,0.987752415870271,0.994847876535819,0.57933553183967,-0.68876599990696,-0.867867867867868
SK3,K6,0.00975196770967065,0.0178291682836486,0.00693680440865871,0.0126823074926802,0.993063195591341,0.98731769250732,0.994214363084315,0.543802504471335,-0.809713817005044,-0.921921921921922
SK4,K6,0.0128541147436213,0.0322590640197915,0.00914343468698469,0.0229466323283438,0.990856565313015,0.977053367671656,0.986069429093404,0.39291436288937,-0.389606200928825,-0.967967967967968
SK5,K6,0.0159248328664909,0.031971958348919,0.0113277088403278,0.0227424072998417,0.988672291159672,0.977257592700158,0.988454517678325,0.492336841502468,-0.600830038632248,-0.93993993993994
SK6,K6,0.0110939140563673,0.0170939085345834,0.00789136246412864,0.0121592999089116,0.992108637535871,0.987840700091088,0.995698114819982,0.646206178625081,-0.58419500784463,-0.637637637637638
s1_xgl_root_2,s1_xgl_root_1,0.000508440659681493,0.00233879912808068,0.000361665821157548,0.00166364292680632,0.999638334178842,0.998336357073194,0.998697551843369,0.217110753969811,-0.67119850696597,-1
s1_xgl_root_3,s1_xgl_root_1,0.000337858661147784,0.00194777993818494,0.000240326826331609,0.00138550176380297,0.999759673173668,0.998614498236197,0.998854549780113,0.173259645124263,-0.964099606810405,-1
s1_xgl_soil_1,s1_xgl_root_1,0.0109012533523262,0.0200122222990279,0.00775431836585479,0.0142351652511412,0.992245681634145,0.985764834748859,0.993468505829511,0.541171875755675,-0.608758485562707,-0.903903903903904
s1_xgl_soil_2,s1_xgl_root_1,0.0127637982735675,0.0216418297587923,0.00907919045379037,0.0153943434342342,0.99092080954621,0.984605656565766,0.993626985204463,0.586015810108218,-0.541098985274723,-0.785785785785786
s1_xgl_soil_3,s1_xgl_root_1,0.0137889848889749,0.0256075915425509,0.00980842984887196,0.0182152832326695,0.990191570151128,0.98178471676733,0.991509871789239,0.533900840172856,-0.578400912520833,-0.897897897897898
s2_xgl_root_1,s1_xgl_root_1,0.00151067829143193,0.00488621470929158,0.00107458106343791,0.00347567965216443,0.998925418936562,0.996524320347836,0.997596318460609,0.308428342095789,-1.05807295419993,-1
s2_xgl_root_2,s1_xgl_root_1,0.000791935000772496,0.00523571609894041,0.000563322025695604,0.00372428822560589,0.999436677974304,0.996275711774394,0.996837252154567,0.150777906047053,-0.791486586451015,-1
s2_xgl_root_3,s1_xgl_root_1,0.00172520967133672,0.006002330036191,0.0012271822887725,0.0042695987822011,0.998772817711228,0.995730401217799,0.996953845319499,0.286547791516141,-0.825913723241376,-1
s2_xgl_soil_1,s1_xgl_root_1,0.0194604426977949,0.0415837452012765,0.0138426714197019,0.0295794977617391,0.986157328580298,0.970420502238261,0.984042276129822,0.460514035812345,-0.508325486966872,-0.93993993993994
s2_xgl_soil_2,s1_xgl_root_1,0.00891428937288146,0.0173662011353334,0.0063409440702457,0.0123529880516086,0.993659055929754,0.987647011948391,0.993949590711738,0.510206820974461,-0.711124018768826,-0.953953953953954
s2_xgl_soil_3,s1_xgl_root_1,0.0199757807624488,0.0255830093837788,0.0142092435275336,0.0181977973639279,0.985790756472466,0.981802202636072,0.995953954923795,0.777662922864193,-0.419286267933876,-0.339339339339339
SK1,s1_xgl_root_1,0.0674861061568779,0.0466647448502935,0.0480044574232958,0.0331937325310711,0.951995542576704,0.966806267468929,0.691471882254057,0.680879067371315,1.06258359561657,0.81981981981982
SK2,s1_xgl_root_1,0.0405281994043672,0.0593438233427086,0.0288286631655293,0.0422126598083524,0.971171336834471,0.957787340191648,0.986218707106361,0.673527018761502,-0.298015472777686,-0.385385385385385
SK3,s1_xgl_root_1,0.047492356253894,0.04703424527239,0.033782432022709,0.0334565668875117,0.966217567977291,0.966543433112488,0.990354006041416,0.990020113294318,0.0160138387373456,0.443443443443443
SK4,s1_xgl_root_1,0.0463901610482643,0.0627535497937249,0.0329984146029187,0.044638078573252,0.967001585397081,0.955361921426748,0.987963138689629,0.730345442834909,-0.248301935964141,-0.209209209209209
SK5,s1_xgl_root_1,0.0457071477228565,0.053620119142239,0.0325125711313326,0.0381412541481077,0.967487428868667,0.961858745851892,0.994182164182374,0.847466058797263,-0.232313341451016,-0.0130130130130131
SK6,s1_xgl_root_1,0.0536122112564212,0.0568662745156541,0.0381356290825993,0.0404503209514327,0.961864370917401,0.959549679048567,0.997593536117129,0.94050816343928,-0.0895179595691413,0.309309309309309
s1_xgl_root_3,s1_xgl_root_2,0.000932819855963478,0.00234006425749272,0.000663536742735008,0.0016645428431662,0.999336463257265,0.998335457156834,0.998998329254225,0.398230721493587,-0.525275481627478,-0.95995995995996
s1_xgl_soil_1,s1_xgl_root_2,0.011567479784112,0.018420463067036,0.00822822092447314,0.0131029094042463,0.991771779075527,0.986897090595754,0.9950848687343,0.624882450602361,-0.475739049722997,-0.6996996996997
s1_xgl_soil_2,s1_xgl_root_2,0.0161513645616774,0.0207077975423108,0.0114888461726748,0.0147299443108969,0.988511153827325,0.985270055689103,0.99672123260757,0.777408025228977,-0.286042940174423,-0.113113113113113
s1_xgl_soil_3,s1_xgl_root_2,0.0149048551457438,0.0229189909213053,0.0106021746547504,0.0163028182617197,0.98939782534525,0.98369718173828,0.99423826952017,0.646580708480383,-0.430344737144672,-0.551551551551551
s2_xgl_root_1,s1_xgl_root_2,0.00264527116165803,0.00560235119821674,0.00188164370541244,0.00398508441041144,0.998118356294588,0.996014915589588,0.997892593907592,0.471176548506296,-0.644976050914415,-0.951951951951952
s2_xgl_root_2,s1_xgl_root_2,0.00188388513884452,0.00541155737579273,0.00134005188753692,0.00384936826901946,0.998659948112463,0.996150631730981,0.99748731649224,0.34724782557634,-0.729394643248203,-1
s2_xgl_root_3,s1_xgl_root_2,0.00226886268074822,0.00593516654967727,0.00161389548396967,0.00422182381173158,0.99838610451603,0.995778176188268,0.997387855944744,0.381275919663545,-0.686157128114225,-0.97997997997998
s2_xgl_soil_1,s1_xgl_root_2,0.0164070654122265,0.0336236807412469,0.0116707322125176,0.0239173163555411,0.988329267787483,0.976082683644459,0.987608801497461,0.481915181522109,-0.521895183842918,-0.92992992992993
s2_xgl_soil_2,s1_xgl_root_2,0.00910998255101528,0.0167929533905804,0.00648014523879314,0.0119452234238491,0.993519854761207,0.988054776576151,0.994499276326622,0.539504329203627,-0.715157173427442,-0.917917917917918
s2_xgl_soil_3,s1_xgl_root_2,0.0233223360538079,0.0238833331216647,0.0165897271581243,0.0169887775907559,0.983410272841876,0.983011222409244,0.999594217750565,0.976114688224764,-0.0428366136982926,0.355355355355355
SK1,s1_xgl_root_2,0.0646497612345814,0.0437305653996949,0.0459868984498435,0.0311065815524513,0.954013101550157,0.968893418447549,0.676422689961975,0.666034154142061,1.00045505058421,0.82982982982983
SK2,s1_xgl_root_2,0.0365883953328057,0.0573642531404065,0.0260261876993978,0.0408045448806378,0.973973812300602,0.959195455119362,0.984826740724853,0.628147812467173,-0.324531197568683,-0.521521521521521
SK3,s1_xgl_root_2,0.0404046985675093,0.0465906701610219,0.0287408141103341,0.0331410414592375,0.971259185889666,0.966858958540762,0.995469564239052,0.863298328553738,-0.204043477911029,0.111111111111111
SK4,s1_xgl_root_2,0.0427530250376259,0.061244343538734,0.0304112340600147,0.0435645446040189,0.969588765939985,0.956435455395981,0.986434134752735,0.688603074574229,-0.277749875082664,-0.279279279279279
SK5,s1_xgl_root_2,0.0437703079429668,0.0529466481241431,0.0311348513598981,0.0376621983445494,0.968865148640102,0.962337801655451,0.993262894228559,0.821117564359701,-0.251229964948976,-0.0530530530530531
SK6,s1_xgl_root_2,0.0460784681624235,0.0568277915760826,0.0327767001090834,0.0404229471297769,0.967223299890917,0.959577052870223,0.9920946414116,0.804433888429254,-0.280576572678087,-0.0390390390390389
s1_xgl_soil_1,s1_xgl_root_3,0.0101099730574811,0.0191422286039126,0.0071914620479116,0.0136163182369334,0.992808537952088,0.986383681763067,0.99352860501958,0.524732393308252,-0.485074621404999,-0.867867867867868
s1_xgl_soil_2,s1_xgl_root_3,0.0116117866579686,0.024308509406218,0.00825973744781002,0.0172912155000019,0.99174026255219,0.982708784499998,0.990893303021751,0.473333903088076,-0.504408648588801,-0.951951951951952
s1_xgl_soil_3,s1_xgl_root_3,0.0122895596716033,0.0248381840179496,0.00874185336215921,0.017667985531569,0.991258146637841,0.982332014468431,0.990995148741339,0.490329486484395,-0.556432495381703,-0.945945945945946
s2_xgl_root_1,s1_xgl_root_3,0.00207530532062328,0.00586294941004338,0.00147621357309628,0.00417045405872303,0.998523786426904,0.995829545941277,0.997301776360013,0.353014419534565,-0.761584020176404,-1
s2_xgl_root_2,s1_xgl_root_3,0.00154622669077816,0.00636093134243457,0.00109986747748757,0.00452468034072948,0.998900132522512,0.99547531965927,0.996571416148886,0.242248381559519,-0.797380102744202,-1
s2_xgl_root_3,s1_xgl_root_3,0.00236816536945963,0.00806480703215489,0.00168453182622928,0.00573668726570498,0.998315468173771,0.994263312734295,0.995941007057731,0.292450023110927,-0.623021817325477,-1
s2_xgl_soil_1,s1_xgl_root_3,0.0189124076966888,0.0404365830543602,0.0134528412105635,0.0287634942970964,0.986547158789436,0.971236505702904,0.984480566438081,0.460446863596614,-0.540800052127068,-0.937937937937938
s2_xgl_soil_2,s1_xgl_root_3,0.0090774848335465,0.0191796506575234,0.00645702884664336,0.0136429374254086,0.993542971153357,0.986357062574591,0.992767390251452,0.469864185180669,-0.59487671779758,-0.981981981981982
s2_xgl_soil_3,s1_xgl_root_3,0.0183512448013775,0.0287822268163395,0.0130536728209563,0.0204734761039669,0.986946327179044,0.979526523896033,0.992482059987782,0.632796112685474,-0.453442815437528,-0.747747747747748
SK1,s1_xgl_root_3,0.0707662375843873,0.0462836693308483,0.050337692194445,0.0329226645351529,0.949662307805555,0.967077335464847,0.65403603343552,0.642258220850368,1.33648996930654,0.84984984984985
SK2,s1_xgl_root_3,0.04824150482097,0.058774149316101,0.0343153190499783,0.0418074372505141,0.965684680950022,0.958192562749486,0.992241651598775,0.814426597001489,-0.173104288981467,0.071071071071071
SK3,s1_xgl_root_3,0.0578266564471557,0.0469478057151995,0.0411334632479182,0.0333950803937852,0.958866536752082,0.966604919606215,0.811871351374125,0.805371724465755,0.469235067200007,0.667667667667668
SK4,s1_xgl_root_3,0.0494312218019457,0.0656130014738953,0.0351615927707686,0.0466720739280236,0.964838407229232,0.953327926071976,0.988070042536646,0.744387672128045,-0.244691545295482,-0.181181181181181
SK5,s1_xgl_root_3,0.0493491435070866,0.0528453201720861,0.0351032085456988,0.0375901213847526,0.964896791454301,0.962409878615247,0.997422612593306,0.931434448420283,-0.120427486652982,0.209209209209209
SK6,s1_xgl_root_3,0.0650590073012227,0.0567927982874695,0.0462780048197394,0.0403980555790713,0.953721995180261,0.959601944420929,0.872942896661784,0.867593949682033,0.254755136865827,0.623623623623624
s1_xgl_soil_2,s1_xgl_soil_1,0.001463086596133,0.00252439220541149,0.00104072796921183,0.00179565965567307,0.998959272030788,0.998204340344327,0.999244281816488,0.579141748201498,-0.55672151018633,-0.677677677677678
s1_xgl_soil_3,s1_xgl_soil_1,0.00160415221346105,0.00419715749538221,0.00114107126661847,0.00298553702028055,0.998858928733381,0.997014462979719,0.998153427175146,0.381493911376546,-0.372121655735575,-0.951951951951952
s2_xgl_root_1,s1_xgl_soil_1,0.0107128744612937,0.0191445689206563,0.00762032002206243,0.0136179829593759,0.992379679977938,0.986382017040624,0.993956281997383,0.556195802223745,-0.573771029875946,-0.865865865865866
s2_xgl_root_2,s1_xgl_soil_1,0.010213025296939,0.0208480639808112,0.00726476553396442,0.0148297191335731,0.992735234466036,0.985170280866427,0.99237968661032,0.486145804850182,-0.632886844502664,-0.955955955955956
s2_xgl_root_3,s1_xgl_soil_1,0.0103656743816719,0.0210344028841667,0.0073733484246669,0.0149622663860645,0.992626651575333,0.985037733613936,0.992354710656465,0.489028657406107,-0.60281887145574,-0.935935935935936
s2_xgl_soil_1,s1_xgl_soil_1,0.00564608229400282,0.0222528256463625,0.00401619136924023,0.0158289592054048,0.99598380863076,0.984171040794595,0.988139598521783,0.250715013898869,-0.536418985412941,-1
s2_xgl_soil_2,s1_xgl_soil_1,0.00364345973451873,0.00777155155244524,0.00259167875670023,0.00552808773327463,0.9974083212433,0.994471912266725,0.997055961020143,0.467439895691841,-0.924631272982908,-0.98998998998999
s2_xgl_soil_3,s1_xgl_soil_1,0.00381714859383894,0.00976200515596274,0.00271522773480775,0.00694394428070952,0.997284772265192,0.99305605571929,0.995759770264719,0.389362937853571,-0.3628190286184,-0.981981981981982
SK1,s1_xgl_soil_1,0.0490518607054519,0.0382813247081595,0.034891744284291,0.0272304082530463,0.965108255715709,0.972769591746954,0.780425536515981,0.774279063257215,0.525700973618407,0.72972972972973
SK2,s1_xgl_soil_1,0.0285260626993991,0.0490419081224535,0.0202912605318244,0.0348846647775006,0.979708739468176,0.965115335222499,0.985104344120072,0.573002751354073,-0.645406860013856,-0.881881881881882
SK3,s1_xgl_soil_1,0.0517667668362192,0.04946820487649,0.0368229209839765,0.0351878997030905,0.963177079016023,0.964812100296909,0.955597729968312,0.95397832384355,0.0720017487625081,0.509509509509509
SK4,s1_xgl_soil_1,0.0359620431702109,0.0559000704037477,0.0255806486479762,0.0397630372008426,0.974419351352024,0.960236962799157,0.985445292590723,0.633963891244987,-0.353863556016849,-0.587587587587588
SK5,s1_xgl_soil_1,0.0294463939401871,0.045914764309798,0.0209459138283272,0.0326602537015055,0.979054086171673,0.967339746298495,0.988035043172146,0.633653892060776,-0.501772673068106,-0.701701701701702
SK6,s1_xgl_soil_1,0.0382228709862472,0.0559776670971675,0.027188828743358,0.0398182335572126,0.972811171256642,0.960181766442788,0.987017619465101,0.673958903369097,-0.519515404542354,-0.563563563563564
s1_xgl_soil_3,s1_xgl_soil_2,0.00134180328258193,0.00370876285954839,0.00095445629059424,0.00263813040821213,0.999045543709406,0.997361869591788,0.998314717353759,0.361182964649899,-0.498291153871055,-0.983983983983984
s2_xgl_root_1,s1_xgl_soil_2,0.0108897031190087,0.0197627039817338,0.00774610241274835,0.0140576769928761,0.992253897587252,0.985942323007124,0.993639153652634,0.547517961140405,-0.52559928158016,-0.835835835835836
s2_xgl_root_2,s1_xgl_soil_2,0.012490757251786,0.0219153096310419,0.00888496994157923,0.0155888761111235,0.991115030058421,0.984411123888877,0.99323599585696,0.566100590265555,-0.540458627180911,-0.791791791791792
s2_xgl_root_3,s1_xgl_soil_2,0.0124608532779929,0.0220461026785156,0.00886369854041999,0.0156819122875494,0.99113630145958,0.984318087712451,0.993120811197119,0.561329723267072,-0.504856262940515,-0.757757757757758
s2_xgl_soil_1,s1_xgl_soil_2,0.0063964027163099,0.0181481891892621,0.00454991196474681,0.0129092345796434,0.995450088035253,0.987090765420357,0.99160246935997,0.349494302840227,-0.437738845319726,-0.967967967967968
s2_xgl_soil_2,s1_xgl_soil_2,0.0037291615268637,0.00658575324181269,0.00265264046090881,0.00468460145503164,0.997347359539091,0.995315398544968,0.997962634608005,0.565093122317375,-0.726864523079435,-0.855855855855856
s2_xgl_soil_3,s1_xgl_soil_2,0.00345137291637377,0.00705331524959946,0.00245504287698625,0.00501718932790987,0.997544957123014,0.99498281067209,0.997431547889016,0.48806952596035,-0.536982633818164,-0.931931931931932
SK1,s1_xgl_soil_2,0.0507896634530458,0.0347482777644138,0.0361278843249245,0.0247172687159794,0.963872115675075,0.975282731284021,0.684160425605853,0.676155883557659,0.811921490298218,0.797797797797798
SK2,s1_xgl_soil_2,0.0314936431691335,0.0471682400929272,0.0224021704423535,0.0335518805605582,0.977597829557647,0.966448119439442,0.988594788387317,0.660072358921947,-0.488650134547749,-0.591591591591592
SK3,s1_xgl_soil_2,0.0485031316685748,0.0494847269731081,0.0345014203911558,0.0351996522597102,0.965498579608844,0.96480034774029,0.999276817301132,0.979454833998591,-0.0316857012258115,0.427427427427427
SK4,s1_xgl_soil_2,0.0370978296749621,0.0554497364777446,0.0263885603503129,0.0394427040684667,0.973611439649687,0.960557295931533,0.986592039507207,0.660064876142411,-0.327802350062242,-0.445445445445446
SK5,s1_xgl_soil_2,0.0314810951309426,0.0423167672697798,0.0223932447271302,0.0301009136305996,0.97760675527287,0.9698990863694,0.992115777778849,0.738073657234913,-0.362640513518818,-0.321321321321321
SK6,s1_xgl_soil_2,0.040768347447329,0.054165715581139,0.0289994861268786,0.0385293497504914,0.971000513873121,0.961470650249509,0.990185521544577,0.745272668265101,-0.40017020223478,-0.229229229229229
s2_xgl_root_1,s1_xgl_soil_3,0.012937473352965,0.0242287403581442,0.00920272962991418,0.0172344738965813,0.990797270370086,0.982765526103419,0.991893655234166,0.529643619266966,-0.56106165381574,-0.897897897897898
s2_xgl_root_2,s1_xgl_soil_3,0.0130055592338435,0.0241722927991518,0.00925116072122889,0.0171943214178473,0.990748839278771,0.982805678582153,0.991982669692148,0.533722203219389,-0.534269410123763,-0.845845845845846
s2_xgl_root_3,s1_xgl_soil_3,0.013404850139059,0.0245941895800207,0.00953518575023811,0.0174944265388506,0.990464814249762,0.982505573461149,0.99196413575313,0.540661465580224,-0.523435339473403,-0.825825825825826
s2_xgl_soil_1,s1_xgl_soil_3,0.00647530949408667,0.021122898973619,0.00460604021498827,0.015025215739645,0.995393959785012,0.984974784260355,0.98953261126187,0.303345195203315,-0.528245215272618,-0.993993993993994
s2_xgl_soil_2,s1_xgl_soil_3,0.00444330219995298,0.00856536565872632,0.00316062554832616,0.00609274641099414,0.996839374451674,0.993907253589006,0.997058582417773,0.517226323925285,-0.814325555014198,-0.945945945945946
s2_xgl_soil_3,s1_xgl_soil_3,0.00442177693153858,0.00887094367426751,0.00314531411772262,0.00631011125350621,0.996854685882277,0.993689888746494,0.996825217174976,0.496873716250284,-0.509108629860321,-0.945945945945946
SK1,s1_xgl_soil_3,0.0551835784048466,0.0422476089970642,0.0392533795599731,0.0300517197217034,0.960746620440027,0.969948280278296,0.765582990778897,0.758320093980842,0.494930957503919,0.74974974974975
SK2,s1_xgl_soil_3,0.0391065827326067,0.0647507364020334,0.0278174337306419,0.0460587244656384,0.972182566269358,0.953941275534362,0.981236764196466,0.592623633823558,-0.394780683822749,-0.64964964964965
SK3,s1_xgl_soil_3,0.071979126506345,0.056372315481178,0.051200448662835,0.0400989562515012,0.948799551337165,0.959901043748499,0.783175876359222,0.774118254112882,0.448070362736416,0.727727727727728
SK4,s1_xgl_soil_3,0.0444742794802198,0.0714757078681516,0.031635602901389,0.0508423551238913,0.968364397098611,0.949157644876109,0.98016578027853,0.609887864691985,-0.363719936104097,-0.541541541541541
SK5,s1_xgl_soil_3,0.037475819208943,0.050210944590296,0.0266574332120581,0.0357162279620229,0.973342566787942,0.964283772037977,0.99069310738165,0.739421177727774,-0.366020188224481,-0.353353353353353
SK6,s1_xgl_soil_3,0.0499788485563046,0.0664524522734163,0.0355511325843765,0.0472691950609407,0.964448867415623,0.952730804939059,0.987849990940459,0.742961371695092,-0.392759014220608,-0.185185185185185
s2_xgl_root_2,s2_xgl_root_1,0.000594366084902274,0.00145135679227119,0.000422786600699948,0.0010323842833462,0.9995772133993,0.998967615716654,0.999390144478611,0.409274694290801,-0.751334185226754,-0.98998998998999
s2_xgl_root_3,s2_xgl_root_1,0.000563428944200532,0.00107827466187103,0.000400780283575013,0.000767002173396709,0.999599219716425,0.999232997826603,0.999633631276818,0.522336786139754,-0.509828071488913,-0.743743743743744
s2_xgl_soil_1,s2_xgl_root_1,0.0147714615229697,0.021992907702903,0.0105072886278383,0.0156440734480112,0.989492711372162,0.984355926551989,0.994808668359922,0.668159852526262,-0.305542318418384,-0.363363363363363
s2_xgl_soil_2,s2_xgl_root_1,0.00611882049538721,0.00947212087909475,0.00435246119058641,0.00673774276429303,0.995647538809414,0.993262257235707,0.997604291196703,0.644434510620814,-0.407211245434827,-0.489489489489489
s2_xgl_soil_3,s2_xgl_root_1,0.0139574299275924,0.0176141998608848,0.00992824877375828,0.0125293953884624,0.990071751226242,0.987470604611538,0.997372769588181,0.790314669593885,-0.302364682290916,-0.121121121121121
SK1,s2_xgl_root_1,0.0626317609784935,0.0367625970772822,0.0445514473193785,0.0261501015048016,0.955448552680622,0.973849898495198,0.586964129747299,0.575873170094356,1.52896177742953,0.885885885885886
SK2,s2_xgl_root_1,0.0366114718216003,0.0362335880428892,0.0260426025496077,0.0257738049140778,0.973957397450392,0.974226195085922,0.989678541727238,0.989405480652415,0.0186759572559969,0.413413413413413
SK3,s2_xgl_root_1,0.0533748890295758,0.0384472917231198,0.0379668161908358,0.0273484645013178,0.962033183809164,0.972651535498682,0.720325464317416,0.71246173426417,0.687345497434771,0.745745745745746
SK4,s2_xgl_root_1,0.041543883886759,0.0430152996002566,0.0295511434695068,0.0305977961361515,0.970448856530493,0.969402203863848,0.998921475707245,0.964751569428198,-0.0335101969761557,0.259259259259259
SK5,s2_xgl_root_1,0.0408757837354303,0.0418315920087827,0.0290759080900288,0.0297557970357079,0.970924091909971,0.970244202964292,0.999299750669137,0.976466793007661,-0.0345698862160603,0.359359359359359
SK6,s2_xgl_root_1,0.0531594624113333,0.0397856963254808,0.0378135781613778,0.0283005032305908,0.962186421838622,0.971699496769409,0.748421720626706,0.741094566571546,0.615890088788121,0.733733733733734
s2_xgl_root_3,s2_xgl_root_2,0.00059438173889627,0.00187504970452235,0.000422797735754718,0.00133376703492224,0.999577202264245,0.998666232965078,0.999088645382164,0.316706295796593,-0.764993720947121,-1
s2_xgl_soil_1,s2_xgl_root_2,0.0160347289005943,0.0215081041566103,0.0114058804787661,0.015299221262547,0.988594119521234,0.984700778737453,0.996061739892135,0.742584276658155,-0.233435314101359,-0.131131131131131
s2_xgl_soil_2,s2_xgl_root_2,0.00809919297310108,0.011115057135668,0.00576114679570474,0.00790640203461045,0.994238853204295,0.99209359796539,0.997842314015398,0.727096348610061,-0.427498847201105,-0.273273273273273
s2_xgl_soil_3,s2_xgl_root_2,0.0164716198003533,0.0183600533318461,0.0117166512698286,0.013059938536226,0.988283348730171,0.986940061463774,0.998640787312542,0.895925031830157,-0.168479375680205,0.139139139139139
SK1,s2_xgl_root_2,0.0637154315416398,0.041435486401757,0.0453222877244911,0.0294740377843533,0.954677712275509,0.970525962215647,0.650321050947882,0.639701602362265,1.22984360742231,0.843843843843844
SK2,s2_xgl_root_2,0.0369085563394386,0.0517322397718009,0.0262539257670791,0.0367983610695259,0.973746074232921,0.963201638930474,0.989171267970704,0.705727871715919,-0.242710114315986,-0.207207207207207
SK3,s2_xgl_root_2,0.0450769405059644,0.0403925111190994,0.0320642898889562,0.0287321448911184,0.967935710111044,0.971267855108882,0.89607925173526,0.893005057546057,0.201055179872055,0.573573573573574
SK4,s2_xgl_root_2,0.0434753276911177,0.0568712296808632,0.0309250249564057,0.0404538456772,0.969074975043594,0.9595461543228,0.990167096492853,0.756935259366735,-0.20302775207693,-0.0730730730730731
SK5,s2_xgl_root_2,0.0421702308485549,0.0473870107330689,0.0299966788214776,0.0337074972715852,0.970003321178523,0.966292502728415,0.996174427067323,0.886506764300708,-0.174916381751529,0.103103103103103
SK6,s2_xgl_root_2,0.0486460228624372,0.0486509357985426,0.0346030622641657,0.0346065569513765,0.965396937735834,0.965393443048624,0.999996380051485,0.999895397033582,-0.000151653163649134,0.433433433433433
s2_xgl_soil_1,s2_xgl_root_3,0.0143792678284418,0.0331613197066593,0.0102283120120163,0.0235884280574452,0.989771687987984,0.976411571942555,0.986501820361636,0.427762646773577,-0.345814550808654,-0.827827827827828
s2_xgl_soil_2,s2_xgl_root_3,0.00676584578516435,0.0122182530253256,0.00481270552447493,0.00869113126452798,0.995187294475525,0.991308868735472,0.996102818271914,0.551590971362765,-0.495135066905546,-0.777777777777778
s2_xgl_soil_3,s2_xgl_root_3,0.014702230284812,0.0181540172399276,0.0104580428169038,0.0129133802094028,0.989541957183096,0.987086619790597,0.997518713203947,0.807851487695966,-0.239732935861648,0.00300300300300305
SK1,s2_xgl_root_3,0.0595675917765153,0.0386133622140801,0.0423718315677717,0.0274665943545062,0.957628168432228,0.972533405645494,0.648227686607662,0.638292822282173,1.07097161726461,0.82982982982983
SK2,s2_xgl_root_3,0.0331910162465859,0.0489279272989085,0.0236095519060077,0.0348035875320863,0.976390448093992,0.965196412467914,0.98853528765267,0.670588201955884,-0.288045583202832,-0.375375375375375
SK3,s2_xgl_root_3,0.0483140665960195,0.0514946189990879,0.0343669339502784,0.0366293358150524,0.965633066049722,0.963370664184948,0.99765707912838,0.936037036449431,-0.0577095377030746,0.297297297297297
SK4,s2_xgl_root_3,0.0404490678047267,0.0486285670040323,0.0287723749941989,0.0345906455007858,0.971227625005801,0.965409354499214,0.994009364687756,0.826813428153339,-0.173573988205012,0.021021021021021
SK5,s2_xgl_root_3,0.038176266419367,0.0525807764154973,0.027155677816835,0.0374019451774864,0.972844322183165,0.962598054822514,0.989467721477104,0.718402920679213,-0.254372189537906,-0.257257257257257
SK6,s2_xgl_root_3,0.0449192578714157,0.0525112280023502,0.0319521265156689,0.0373524737525087,0.968047873484331,0.962647526247491,0.994421404783007,0.85064991266828,-0.138809921066275,0.149149149149149
s2_xgl_soil_2,s2_xgl_soil_1,0.00796169829978787,0.0195357535954585,0.00566334359491479,0.0138962418356924,0.994336656405085,0.986103758164308,0.991720210466199,0.404170592905592,-0.311175634503963,-0.705705705705706
s2_xgl_soil_3,s2_xgl_soil_1,0.0050175035861269,0.0114150178094359,0.00356906852369812,0.0081197711295628,0.996430931476302,0.991880228870437,0.995432997449083,0.437545408849139,-0.283286984114989,-0.763763763763764
SK1,s2_xgl_soil_1,0.047378591289659,0.0401173510788185,0.033701508323108,0.0285364170711201,0.966298491676892,0.97146358292888,0.846740056781186,0.842238097328623,0.205790932550954,0.651651651651652
SK2,s2_xgl_soil_1,0.0221076739064868,0.0451993251216039,0.0157257093527524,0.0321513449496983,0.984274290647248,0.967848655050302,0.983311932707147,0.480952746488165,-0.567516374897963,-0.92992992992993
SK3,s2_xgl_soil_1,0.0263161565095533,0.0438267545870737,0.018719302188972,0.0311750031878524,0.981280697811028,0.968824996812148,0.987306689078196,0.592836900598928,-0.438048640954186,-0.64964964964965
SK4,s2_xgl_soil_1,0.0296136786917862,0.0487870829965564,0.0210649074137185,0.0347034016612367,0.978935092586281,0.965296598338763,0.986068030096371,0.59854166344763,-0.323291221931204,-0.529529529529529
SK5,s2_xgl_soil_1,0.0379449517009537,0.0441684658871781,0.0269911382073687,0.0314180704870501,0.973008861792631,0.96858192951295,0.995450265199512,0.855187325957411,-0.151152097066116,0.141141141141141
SK6,s2_xgl_soil_1,0.0267409337070566,0.0469207216909378,0.0190214562181959,0.0333758148891715,0.980978543781804,0.966624185110828,0.985367306184254,0.561577931075669,-0.518087491831212,-0.78978978978979
s2_xgl_soil_3,s2_xgl_soil_2,0.00375607747810476,0.00619546747452186,0.00267178641122272,0.00440698199280813,0.997328213588777,0.995593018007192,0.998260155926662,0.60520735592351,-0.71378891316984,-0.851851851851852
SK1,s2_xgl_soil_2,0.0474749613790013,0.0304358957770094,0.0337700586383382,0.0216497697995932,0.966229941361662,0.978350230200407,0.641093639529985,0.633151452934706,1.0842175672046,0.835835835835836
SK2,s2_xgl_soil_2,0.0244998836825371,0.0344171922589272,0.0174273445319261,0.0244817597948592,0.982572655468074,0.975518240205141,0.9928204644983,0.7067394026467,-0.409135283986785,-0.437437437437437
SK3,s2_xgl_soil_2,0.0313336430568142,0.0325934482693338,0.0222883585925232,0.023184487723836,0.977711641407477,0.976815512276164,0.999083442302044,0.96046676946788,-0.0604617157040805,0.379379379379379
SK4,s2_xgl_soil_2,0.0304185669965131,0.0385683930274324,0.0216374434297238,0.0274346067124755,0.978362556570276,0.972565393287525,0.994074626789609,0.784018292206936,-0.182640666690542,-0.0810810810810811
SK5,s2_xgl_soil_2,0.0267196593145347,0.0334342433777947,0.0190063232415259,0.0237825650953768,0.980993676758474,0.976217434904623,0.995131220550133,0.795279465005513,-0.267906374273517,-0.181181181181181
SK6,s2_xgl_soil_2,0.0332869254785255,0.0380583859458952,0.0236777744025085,0.0270718266585438,0.976322225597491,0.972928173341456,0.99652363516158,0.871587356026341,-0.188166113014975,0.215215215215215
SK1,s2_xgl_soil_3,0.0442729537980267,0.0243939785254188,0.0314923951999906,0.0173520116983207,0.968507604800009,0.982647988301679,0.550990535592094,0.543061737516062,1.29418520372101,0.873873873873874
SK2,s2_xgl_soil_3,0.022761898358169,0.0339667169912041,0.0161910746201313,0.0241613261227876,0.983808925379869,0.975838673877212,0.991898577765414,0.664694636651383,-0.403070424082447,-0.483483483483484
SK3,s2_xgl_soil_3,0.0351381500969578,0.0337614034104055,0.0249945940923261,0.0240152817351479,0.975005405907674,0.975984718264852,0.960819033365346,0.959854938400766,0.0573831766146234,0.497497497497497
SK4,s2_xgl_soil_3,0.0370942145302675,0.0405196608628447,0.0263859888127113,0.0288225894997585,0.973614011187289,0.971177410500242,0.997497364808795,0.913171049699556,-0.0641855457255929,0.287287287287287
SK5,s2_xgl_soil_3,0.0254757973376991,0.0280895919992847,0.0181215349094111,0.0199807886386699,0.981878465090589,0.98001921136133,0.998106431910504,0.905230563030371,-0.103955196358768,0.229229229229229
SK6,s2_xgl_soil_3,0.0327940167756879,0.0374235137182809,0.0233271568282195,0.0266202270841233,0.97667284317178,0.973379772915877,0.996628277033679,0.873339812028446,-0.167426772090162,0.259259259259259
SK2,SK1,0.00332677585033233,0.00731514802185875,0.00236641404814332,0.00520343714814603,0.997633585951857,0.994796562851854,0.997156247403905,0.453485741226109,-0.49115649238401,-0.86986986986987
SK3,SK1,0.00970556778607281,0.0171450988365196,0.00690379904972426,0.0121957127768294,0.993096200950276,0.987804287223171,0.994671297984987,0.563067603138649,-0.520207306774951,-0.811811811811812
SK4,SK1,0.00310856673964121,0.00855223755024798,0.00221119676624537,0.00608340807810779,0.997788803233755,0.993916591921892,0.996119207492294,0.362069343716782,-0.833301451069008,-1
SK5,SK1,0.00139737179952856,0.00325151608028668,0.000993983486008943,0.00231288000043215,0.999006016513991,0.997687119999568,0.998679791219851,0.429192703511603,-0.750217728076869,-0.967967967967968
SK6,SK1,0.00382187180649523,0.00934912103266446,0.00271858746725895,0.00665025007539335,0.997281412532741,0.993349749924607,0.996057619686153,0.407183148129417,-0.734829299239765,-0.987987987987988
SK3,SK2,0.00321036203680778,0.00602963646472352,0.00228360615963021,0.0042890224882129,0.99771639384037,0.995710977511787,0.997989993608441,0.531360258174617,-0.44397605566644,-0.633633633633634
SK4,SK2,0.00461297719330285,0.0152031246191143,0.00328131936899389,0.0108143407590119,0.996718680631006,0.989185659240988,0.9924421789855,0.301129751418075,-0.215838138803918,-0.62962962962963
SK5,SK2,0.00283155851338015,0.00855133578970125,0.00201415428801229,0.00608276663458353,0.997985845711988,0.993917233365416,0.995923176301495,0.329774764771296,-0.291151864103476,-0.783783783783784
SK6,SK2,0.0017419187080796,0.00271168815390565,0.00123906782030759,0.00192888767692152,0.998760932179692,0.998071112323079,0.999309324349413,0.641930601325034,-0.479240955587741,-0.399399399399399
SK4,SK3,0.00534109713110626,0.0184475375401175,0.00379924823678313,0.0131221681148804,0.996200751763217,0.98687783188512,0.990641524952078,0.286819451938764,-0.267957190646797,-0.86986986986987
SK5,SK3,0.00577746131240973,0.0162123907641533,0.00410964436059771,0.011532255548401,0.995890355639402,0.988467744451599,0.992546758640877,0.353704804073962,-0.455996632975368,-0.943943943943944
SK6,SK3,0.00130822848597997,0.00398642186212109,0.000930573746678785,0.00283563579896933,0.999069426253321,0.997164364201031,0.998093163495719,0.327545340987119,-0.723342191383007,-0.997997997997998
SK5,SK4,0.00221917512768612,0.00622881016590192,0.00157855155673385,0.00443069943481036,0.998421448443266,0.99556930056519,0.997143342741161,0.355258170663573,-0.358336480380945,-0.961961961961962
SK6,SK4,0.00187521090653252,0.00555721432290237,0.00133388170171033,0.00395297748748108,0.99866611829829,0.996047022512519,0.99737740598406,0.336552250994275,-0.422677780034175,-0.981981981981982
SK6,SK5,0.00152217707415114,0.00666440425450811,0.00108276041852147,0.00474054777354436,0.998917239581478,0.995259452226456,0.996338247844681,0.227567713639699,-0.412674040373227,-1
